actor,movie_or_TV_name
Tom Hanks,Toy Story 5
Tom Hanks,Here
Tom Hanks,Major Matt Mason
Tom Hanks,The Ocean at the End of the Lane
Tom Hanks,Asteroid City
Tom Hanks,Tom Hanks: The Nomad
Tom Hanks,The 2010s
Tom Hanks,A Grammy Salute to The Beach Boys
Tom Hanks,Just a Boy From Tupelo: Bringing Elvis to the Big Screen
Tom Hanks,A Man Called Otto
Tom Hanks,'Tis the Season: The Holidays on Screen
Tom Hanks,Norman Lear: 100 Years of Music and Laughter
Tom Hanks,Pinocchio
Tom Hanks,Elvis
Tom Hanks,Exclusively Elvis: A Special Edition of 20/20
Tom Hanks,Beyond Infinity: Buzz and the Journey to Lightyear
Tom Hanks,Halftime
Tom Hanks,Tom Hanks: Hollywood's Mr Nice Guy
Tom Hanks,1883
Tom Hanks,Noi siamo cinema
Tom Hanks,Finch
Tom Hanks,A Night at the Academy Museum
Tom Hanks,Clint Eastwood: A Cinematic Legacy
Tom Hanks,When Ruby Wax Met...
Tom Hanks,Celebrating America
Tom Hanks,Carina Bergfeldt
Tom Hanks,Death to 2020
Tom Hanks,News of the World
Tom Hanks,Borat Subsequent Moviefilm
Tom Hanks,Greyhound
Tom Hanks,Disclosure
Tom Hanks,Reunited Apart
Tom Hanks,A Beautiful Day in the Neighborhood
Tom Hanks,Toy Story 4
Tom Hanks,The Last Mile
Tom Hanks,The Mayo Clinic
Tom Hanks,Quincy
Tom Hanks,Beyond Boundaries: The Harvey Weinstein Scandal
Tom Hanks,Die Clint Eastwood Story
Tom Hanks,The Post
Tom Hanks,The David S. Pumpkins Halloween Special
Tom Hanks,Spielberg
Tom Hanks,California Typewriter
Tom Hanks,The Nineties
Tom Hanks,The Circle
Tom Hanks,Sully: Sully Sullenberger - The Man Behind the Miracle
Tom Hanks,Inferno
Tom Hanks,Defying the Nazis: The Sharps' War
Tom Hanks,Sully
Tom Hanks,There's Something About Romcoms
Tom Hanks,Maya & Marty
Tom Hanks,A Hologram for the King
Tom Hanks,Mike Nichols: An American Master
Tom Hanks,Electric City
Tom Hanks,Toy Story at 20: To Infinity and Beyond
Tom Hanks,Ithaca
Tom Hanks,Bridge of Spies
Tom Hanks,The Walk
Tom Hanks,Everything Is Copy
Tom Hanks,The Late Show with Stephen Colbert
Tom Hanks,Close Up with The Hollywood Reporter
Tom Hanks,The Seventies
Tom Hanks,The Late Late Show with James Corden
Tom Hanks,Saturday Night Live: 40th Anniversary Special
Tom Hanks,Misery Loves Comedy
Tom Hanks,Toy Story That Time Forgot
Tom Hanks,The Concert for Valor
Tom Hanks,The Sixties
Tom Hanks,All In
Tom Hanks,The Dave Clark Five and Beyond: Glad All Over
Tom Hanks,Last Week Tonight with John Oliver
Tom Hanks,Late Night with Seth Meyers
Tom Hanks,And the Oscar Goes To...
Tom Hanks,The Real Mary Poppins
Tom Hanks,Saving Mr. Banks
Tom Hanks,Toy Story of Terror!
Tom Hanks,Captain Phillips
Tom Hanks,Killing Lincoln
Tom Hanks,Radioman
Tom Hanks,Inventing David Geffen
Tom Hanks,Cloud Atlas
Tom Hanks,Close Up
Tom Hanks,Partysaurus Rex
Tom Hanks,Electric City
Tom Hanks,The Road We've Traveled
Tom Hanks,Final Cut: Ladies and Gentlemen
Tom Hanks,Extremely Loud & Incredibly Close
Tom Hanks,The Extraordinary Voyage
Tom Hanks,Small Fry
Tom Hanks,Prohibition
Tom Hanks,Boatlift
Tom Hanks,Larry Crowne
Tom Hanks,Hawaiian Vacation
Tom Hanks,OK! TV
Tom Hanks,Conan
Tom Hanks,Toy Story 3
Tom Hanks,Never Sleep Again: The Elm Street Legacy
Tom Hanks,The Pacific
Tom Hanks,The 25th Anniversary Rock and Roll Hall of Fame Concerts
Tom Hanks,Beyond All Boundaries
Tom Hanks,The National Parks: America's Best Idea
Tom Hanks,Waking Sleeping Beauty
Tom Hanks,Angels & Demons
Tom Hanks,We Are One With President-Elect Barack Obama
Tom Hanks,The War
Tom Hanks,The Great Buck Howard
Tom Hanks,Charlie Wilson's War
Tom Hanks,The Pixar Story
Tom Hanks,The Simpsons Movie
Tom Hanks,The Graham Norton Show
Tom Hanks,30 Rock
Tom Hanks,Who Killed the Electric Car?
Tom Hanks,Cars
Tom Hanks,The Da Vinci Code
Tom Hanks,Who Needs Sleep?
Tom Hanks,Earth to America
Tom Hanks,Live 8
Tom Hanks,The Colbert Report
Tom Hanks,Magnificent Desolation: Walking on the Moon
Tom Hanks,Pennis from Heaven
Tom Hanks,The Late Late Show with Craig Ferguson
Tom Hanks,The Polar Express
Tom Hanks,Elvis Has Left the Building
Tom Hanks,People Like Us: Making 'Philadelphia'
Tom Hanks,The Terminal
Tom Hanks,Making 'Saving Private Ryan'
Tom Hanks,Making a 'Splash'
Tom Hanks,The Ladykillers
Tom Hanks,"Rebels of Oakland: The A's, The Raiders, The '70s"
Tom Hanks,Horatio's Drive: America's First Road Trip
Tom Hanks,Concert for George
Tom Hanks,The Ellen DeGeneres Show
Tom Hanks,The Rutles 2: Can't Buy Me Lunch
Tom Hanks,Celebrities Uncensored
Tom Hanks,Catch Me If You Can: Behind the Camera
Tom Hanks,Catch Me If You Can
Tom Hanks,Life with Bonnie
Tom Hanks,Road to Perdition
Tom Hanks,America: A Tribute to Heroes
Tom Hanks,Primetime Glick
Tom Hanks,Rescued from the Closet
Tom Hanks,Cast Away
Tom Hanks,Shooting War
Tom Hanks,Walking the Mile: The Making of The Green Mile
Tom Hanks,Koschwitz
Tom Hanks,The Green Mile
Tom Hanks,Toy Story 2
Tom Hanks,Saturday Night Live: 25th Anniversary Special
Tom Hanks,Stephen King: Shining in the Dark
Tom Hanks,Return with Honor
Tom Hanks,You've Got Mail
Tom Hanks,Saving Private Ryan
Tom Hanks,From the Earth to the Moon
Tom Hanks,The Wonderful World of Disney
Tom Hanks,The View
Tom Hanks,Leute heute
Tom Hanks,Scene by Scene
Tom Hanks,Taff
Tom Hanks,The Harryhausen Chronicles
Tom Hanks,The Story Behind 'Toy Story'
Tom Hanks,That Thing You Do!
Tom Hanks,The Daily Show
Tom Hanks,Lost Moon: The Triumph of Apollo 13
Tom Hanks,The Rosie O'Donnell Show
Tom Hanks,The Universal Story
Tom Hanks,The Celluloid Closet
Tom Hanks,Ruby Wax Meets
Tom Hanks,The Harald Schmidt Show
Tom Hanks,Making 'Toy Story'
Tom Hanks,Toy Story
Tom Hanks,The Naked Truth
Tom Hanks,Apollo 13
Tom Hanks,Through the Eyes of Forrest Gump
Tom Hanks,Vault of Horror I
Tom Hanks,Forrest Gump
Tom Hanks,Inside the Actors Studio
Tom Hanks,Philadelphia
Tom Hanks,Late Night with Conan O'Brien
Tom Hanks,I'll Be Waiting
Tom Hanks,Fallen Angels
Tom Hanks,Sleepless in Seattle
Tom Hanks,A League of Their Own
Tom Hanks,The Tonight Show with Jay Leno
Tom Hanks,Radio Flyer
Tom Hanks,The Best of Disney: 50 Years of Magic
Tom Hanks,The Bonfire of the Vanities
Tom Hanks,Joe Versus the Volcano
Tom Hanks,Saturday Night Live: 15th Anniversary
Tom Hanks,Turner & Hooch
Tom Hanks,Tales from the Crypt
Tom Hanks,The 'Burbs
Tom Hanks,Punchline
Tom Hanks,American Experience
Tom Hanks,This Morning
Tom Hanks,LIVE with Kelly and Mark
Tom Hanks,Big
Tom Hanks,Dragnet
Tom Hanks,Every Time We Say Goodbye
Tom Hanks,Nothing in Common
Tom Hanks,The Money Pit
Tom Hanks,Volunteers
Tom Hanks,The Man with One Red Shoe
Tom Hanks,Mr. Belvedere
Tom Hanks,Bachelor Party
Tom Hanks,Splash
Tom Hanks,Mazes and Monsters
Tom Hanks,Family Ties
Tom Hanks,"Wetten, dass..?"
Tom Hanks,Bosom Buddies
Tom Hanks,He Knows You're Alone
Tom Hanks,Taxi
Tom Hanks,The Love Boat
Tom Hanks,Saturday Night Live
Tom Hanks,Happy Days
Tom Hanks,The Oscars
Tom Hanks,Today
Tom Hanks,Bambi Awards
Tom Hanks,Here
Tom Hanks,Beautiful
Tom Hanks,In the Garden of Beasts
Tom Hanks,The Ocean at the End of the Lane
Tom Hanks,Masters of the Air
Tom Hanks,My Big Fat Greek Wedding 3
Tom Hanks,The 2010s
Tom Hanks,Hung Up on a Dream
Tom Hanks,A Man Called Otto
Tom Hanks,Tis the Season: The Holidays on Screen
Tom Hanks,'Tis the Season: The Holidays on Screen
Tom Hanks,The Movies
Tom Hanks,Mamma Mia! Here We Go Again
Tom Hanks,The 2000s
Tom Hanks,1968: The Year That Changed America
Tom Hanks,The Nineties
Tom Hanks,The Circle
Tom Hanks,The Eighties
Tom Hanks,My Big Fat Greek Wedding 2
Tom Hanks,Ithaca
Tom Hanks,The Seventies
Tom Hanks,Olive Kitteridge
Tom Hanks,The Sixties
Tom Hanks,The Assassination of President Kennedy
Tom Hanks,Parkland
Tom Hanks,Game Change
Tom Hanks,Larry Crowne
Tom Hanks,The Pacific
Tom Hanks,The 25th Anniversary Rock and Roll Hall of Fame Concerts
Tom Hanks,Where the Wild Things Are
Tom Hanks,My Life in Ruins
Tom Hanks,City of Ember
Tom Hanks,Mamma Mia!
Tom Hanks,David McCullough: Painting with Words
Tom Hanks,John Adams
Tom Hanks,The Great Buck Howard
Tom Hanks,Charlie Wilson's War
Tom Hanks,Evan Almighty
Tom Hanks,Starter for 10
Tom Hanks,The Ant Bully
Tom Hanks,Big Love
Tom Hanks,Neil Young: Heart of Gold
Tom Hanks,The Polar Express
Tom Hanks,Connie and Carla
Tom Hanks,My Big Fat Greek Wedding
Tom Hanks,We Stand Alone Together: The Men of Easy Company
Tom Hanks,Band of Brothers
Tom Hanks,Cast Away
Tom Hanks,From the Earth to the Moon
Tom Hanks,Greyhound
Tom Hanks,Electric City
Tom Hanks,Electric City
Tom Hanks,Larry Crowne
Tom Hanks,Magnificent Desolation: Walking on the Moon
Tom Hanks,Band of Brothers
Tom Hanks,From the Earth to the Moon
Tom Hanks,That Thing You Do!
Tom Hanks,Larry Crowne
Tom Hanks,Band of Brothers
Tom Hanks,From the Earth to the Moon
Tom Hanks,That Thing You Do!
Tom Hanks,Vault of Horror I
Tom Hanks,I'll Be Waiting
Tom Hanks,Fallen Angels
Tom Hanks,Tales from the Crypt
Tom Hanks,Tis the Season: The Holidays on Screen
Tom Hanks,The Nineties
Tom Hanks,The Seventies
Tom Hanks,Electric City
Tom Hanks,From the Earth to the Moon
Tom Hanks,The Extraordinary Voyage
Tom Hanks,I'm Still Here
Tom Hanks,Band of Brothers
Tom Hanks,Madeline
Patrick Stogner,The Marc Pease Experience
Patrick Stogner,The Polar Express
Patrick Stogner,Stuck in the Suburbs
Patrick Stogner,One Tree Hill
Patrick Stogner,Everwood
Patrick Stogner,The Angel Doll
Patrick Stogner,CSI: Crime Scene Investigation
Patrick Stogner,Dawson's Creek
Cody Klop,Baker's Man
Cody Klop,Rizzoli & Isles
Cody Klop,Star Trek
Cody Klop,Parks and Recreation
Cody Klop,Shades of Ray
Cody Klop,Left In Darkness
Cody Klop,Criminal Minds
Cody Klop,Weeds
Cody Klop,Zoey 101
Cody Klop,The Polar Express
Cody Klop,Gilmore Girls
Cody Klop,The King of Queens
Cody Klop,MADtv
Cody Klop,Cirque du Freak: The Vampire's Assistant
Dylan Cash,Opposite Day
Dylan Cash,Terminator: The Sarah Connor Chronicles
Dylan Cash,The Bill Engvall Show
Dylan Cash,Shark Bait
Dylan Cash,Fat Albert
Dylan Cash,The Cat That Looked at a King
Dylan Cash,The Polar Express
Dylan Cash,All You Need
Dylan Cash,The Division
Dylan Cash,Malcolm in the Middle
Dylan Cash,Judging Amy
Dylan Cash,"Sabrina, the Teenage Witch"
Rodger Bumpass,Saving Bikini Bottom: The Sandy Cheeks Movie
Rodger Bumpass,The SpongeBob Movie: Search for SquarePants
Rodger Bumpass,SpongeBob SquarePants Presents The Tidal Zone
Rodger Bumpass,Seal Team
Rodger Bumpass,The Patrick Star Show
Rodger Bumpass,Kamp Koral: SpongeBob's Under Years
Rodger Bumpass,I'm Urchin You to Leave
Rodger Bumpass,The SpongeBob Movie: Sponge on the Run
Rodger Bumpass,The SpongeBob Musical: Live on Stage!
Rodger Bumpass,Invader Zim: Enter the Florpus
Rodger Bumpass,SpongeBob SquarePants: The Legend of Boo-Kini Bottom
Rodger Bumpass,The Legend of Boo-Kini Bottom
Rodger Bumpass,SpongeBob SquarePants: Sea Side Story
Rodger Bumpass,The SpongeBob Movie: Sponge Out of Water
Rodger Bumpass,Monsters University
Rodger Bumpass,Teen Titans Go!
Rodger Bumpass,It's a SpongeBob Christmas!
Rodger Bumpass,Doc McStuffins
Rodger Bumpass,SpongeBob SquarePants: Ghouls Fools
Rodger Bumpass,Spongebob’s Runaway Roadtrip
Rodger Bumpass,SpongeBob's Frozen Face-Off
Rodger Bumpass,SpongeBob SquarePants: Triton's Revenge
Rodger Bumpass,Kung Fu Magoo
Rodger Bumpass,SpongeBob SquarePants: Spongebob's Last Stand
Rodger Bumpass,SpongeBob's Truth or Square
Rodger Bumpass,The Haunted World of El Superbeasto
Rodger Bumpass,The Ultimate SpongeBob SpongeBash
Rodger Bumpass,SpongeBob SquarePants vs. The Big One
Rodger Bumpass,SpongeBob vs. the Big One
Rodger Bumpass,SpongeBob SquarePants: Spongicus
Rodger Bumpass,Random! Cartoons
Rodger Bumpass,SpongeBob's Atlantis SquarePantis
Rodger Bumpass,Marco Polo
Rodger Bumpass,Nick Picks Christmas: Nickelodeon Festive Tales
Rodger Bumpass,Cars
Rodger Bumpass,Ice Age: The Meltdown
Rodger Bumpass,SpongeBob SquarePants: Where's Gary?
Rodger Bumpass,SpongeBob SquarePants 3-D Ride
Rodger Bumpass,A Boyfriend for Christmas
Rodger Bumpass,The SpongeBob SquarePants Movie
Rodger Bumpass,The Polar Express
Rodger Bumpass,The Incredibles
Rodger Bumpass,Murder Without Conviction
Rodger Bumpass,SpongeBob SquarePants - The Seascape Capers
Rodger Bumpass,Just Desserts
Rodger Bumpass,Christmas Vacation 2: Cousin Eddie's Island Adventure
Rodger Bumpass,Teen Titans
Rodger Bumpass,Spongebob Squarepants Tales from the Deep
Rodger Bumpass,Spongebob SquarePants: Deep Sea Sillies
Rodger Bumpass,Spongebob SquarePants: Bikini Bottom Bash!
Rodger Bumpass,"Santa, Jr."
Rodger Bumpass,Treasure Planet
Rodger Bumpass,3-South
Rodger Bumpass,SpongeBob SquarePants - Sea Stories
Rodger Bumpass,ChalkZone
Rodger Bumpass,SpongeBob SquarePants - Nautical Nonsense and Sponge Buddies
Rodger Bumpass,Cinderella II: Dreams Come True
Rodger Bumpass,"Monsters, Inc."
Rodger Bumpass,Osmosis Jones
Rodger Bumpass,Shrek
Rodger Bumpass,Invader ZIM
Rodger Bumpass,The Emperor's New Groove
Rodger Bumpass,Christmas Who?
Rodger Bumpass,The Kids from Room 402
Rodger Bumpass,Toy Story 2
Rodger Bumpass,The Iron Giant
Rodger Bumpass,Muppets from Space
Rodger Bumpass,Tarzan
Rodger Bumpass,SpongeBob SquarePants
Rodger Bumpass,Doug's 1st Movie
Rodger Bumpass,Baby Huey's Great Easter Adventure
Rodger Bumpass,The Prince of Egypt
Rodger Bumpass,A Bug's Life
Rodger Bumpass,Oh Yeah! Cartoons
Rodger Bumpass,Mulan
Rodger Bumpass,CatDog
Rodger Bumpass,Monster Farm
Rodger Bumpass,Beauty and the Beast: The Enchanted Christmas
Rodger Bumpass,On Holiday With Timon & Pumbaa
Rodger Bumpass,Toxic Crusaders The Movie
Rodger Bumpass,The Hunchback of Notre Dame
Rodger Bumpass,Bio-Dome
Rodger Bumpass,Theodore Rex
Rodger Bumpass,Hart to Hart: Secrets of the Hart
Rodger Bumpass,Shadow of Obsession
Rodger Bumpass,Where on Earth is Carmen Sandiego?
Rodger Bumpass,Where on Earth Is Carmen Sandiego?
Rodger Bumpass,Raw Toonage
Rodger Bumpass,Batman: The Animated Series
Rodger Bumpass,Petal to the Metal
Rodger Bumpass,FernGully: The Last Rainforest
Rodger Bumpass,Rugrats
Rodger Bumpass,Toxic Crusaders
Rodger Bumpass,TaleSpin
Rodger Bumpass,Ring Raiders
Rodger Bumpass,The Running Man
Rodger Bumpass,The Real Ghostbusters
Rodger Bumpass,Eat or Be Eaten
Rodger Bumpass,Class of '86
Rodger Bumpass,Footlight Frenzy
Rodger Bumpass,Heavy Metal
Rodger Bumpass,Disco Beaver from Outer Space
Jack Angel,Clarence
Jack Angel,Noah
Jack Angel,I Know That Voice
Jack Angel,The Smurfs: The Legend of Smurfy Hollow
Jack Angel,Despicable Me 2
Jack Angel,Monsters University
Jack Angel,The Lorax
Jack Angel,The Smurfs: A Christmas Carol
Jack Angel,Brad & Gary
Jack Angel,Heavy Metal Mater
Jack Angel,Monster Truck Mater
Jack Angel,Toy Story 3
Jack Angel,Unidentified Flying Mater
Jack Angel,Cars Toon Mater's Tall Tales
Jack Angel,Horton Hears a Who!
Jack Angel,El Tigre: The Adventures of Manny Rivera
Jack Angel,Cars
Jack Angel,Ice Age: The Meltdown
Jack Angel,Ben 10
Jack Angel,Avatar: The Last Airbender
Jack Angel,The Polar Express
Jack Angel,The Incredibles
Jack Angel,Wolf Tracer's Dinosaur Island
Jack Angel,Finding Nemo
Jack Angel,The Wild Thornberrys Movie
Jack Angel,Treasure Planet
Jack Angel,Rapsittie Street Kids: Believe in Santa
Jack Angel,Lilo & Stitch
Jack Angel,"Monsters, Inc."
Jack Angel,Scrubs
Jack Angel,A.I. Artificial Intelligence
Jack Angel,Shrek
Jack Angel,The Trumpet of the Swan
Jack Angel,"Harvey Birdman, Attorney at Law"
Jack Angel,The Emperor's New Groove
Jack Angel,Crime + Punishment in Suburbia
Jack Angel,Toy Story 2
Jack Angel,The Iron Giant
Jack Angel,Muppets from Space
Jack Angel,Tarzan
Jack Angel,The Prince of Egypt
Jack Angel,A Bug's Life
Jack Angel,The Wild Thornberrys
Jack Angel,Mulan
Jack Angel,Quest for Camelot
Jack Angel,The Wonderful World of Disney
Jack Angel,Hercules
Jack Angel,Hey Arnold!
Jack Angel,Mortal Kombat: Defenders of the Realm
Jack Angel,The Hunchback of Notre Dame
Jack Angel,The Fantastic Voyages of Sinbad the Sailor
Jack Angel,Balto
Jack Angel,Toy Story
Jack Angel,Spider-Man
Jack Angel,A Troll in Central Park
Jack Angel,Sonic the Hedgehog
Jack Angel,Bonkers
Jack Angel,The Muppet Christmas Carol
Jack Angel,Aladdin
Jack Angel,Raw Toonage
Jack Angel,Mom and Dad Save the World
Jack Angel,An American Tail: Fievel Goes West
Jack Angel,Beauty and the Beast
Jack Angel,Where's Wally?
Jack Angel,Space Cats
Jack Angel,Darkwing Duck
Jack Angel,Rock-A-Doodle
Jack Angel,Peter Pan & the Pirates
Jack Angel,TaleSpin
Jack Angel,DuckTales: The Movie - Treasure of the Lost Lamp
Jack Angel,All Dogs Go to Heaven
Jack Angel,The Little Mermaid
Jack Angel,Ring Raiders
Jack Angel,"Mickey's Safety Club: Street Safe, Street Smart"
Jack Angel,Dino-Riders
Jack Angel,"Denver, the Last Dinosaur"
Jack Angel,Who Framed Roger Rabbit
Jack Angel,Beetlejuice
Jack Angel,Transformers: The Rebirth
Jack Angel,DuckTales
Jack Angel,Saber Rider and the Star Sheriffs
Jack Angel,G.I. Joe: The Movie
Jack Angel,The Brave Little Toaster
Jack Angel,Sport Goofy in Soccermania
Jack Angel,The Chipmunk Adventure
Jack Angel,Blondie & Dagwood
Jack Angel,Crime Story
Jack Angel,Transformers: Five Faces of Darkness
Jack Angel,"G.I. Joe: Arise, Serpentor, Arise!"
Jack Angel,Voltron: Fleet of Doom
Jack Angel,The Transformers: The Movie
Jack Angel,Transformers - Le cosmitron
Jack Angel,Making Contact
Jack Angel,Amazing Stories
Jack Angel,The Super Powers Team: Galactic Guardians
Jack Angel,The Transformers
Jack Angel,Pole Position
Jack Angel,Voltron: Defender of the Universe
Jack Angel,Super Friends: The Legendary Super Powers Show
Jack Angel,The Smurfs Halloween Special
Jack Angel,Deal of the Century
Jack Angel,G.I. Joe: A Real American Hero
Jack Angel,The New Scooby and Scrappy-Doo Show
Jack Angel,The Dragon That Wasn't (Or Was He?)
Jack Angel,Spider-Man
Jack Angel,Smoking: The Choice is Yours
Jack Angel,The Incredible Book Escape
Jack Angel,Scooby-Doo and Scrappy-Doo
Jack Angel,J-Men Forever
Jack Angel,Challenge of the Super Friends
Jack Angel,Metric Meets the Inchworm
Evan Sabara,The Next Kill
Evan Sabara,Welcome to Paradise
Evan Sabara,Her Best Move
Evan Sabara,Committed
Evan Sabara,The Polar Express
Evan Sabara,The Batman
Evan Sabara,Raising Helen
Evan Sabara,Murder Without Conviction
Evan Sabara,Spy Kids 3-D: Game Over
Evan Sabara,Finding Nemo
Evan Sabara,Malcolm in the Middle
Evan Sabara,A Season for Miracles
Evan Sabara,Judging Amy
Evan Sabara,ER
Evan Sabara,Hallmark Hall of Fame
Connor Matheus,Re-Animated
Connor Matheus,Dexter
Connor Matheus,Love Wrecked
Connor Matheus,Tarzan II
Connor Matheus,The Polar Express
Connor Matheus,Envy
Connor Matheus,The Pitts
Connor Matheus,The Santa Clause 2
Connor Matheus,Harold and the Purple Crayon
Connor Matheus,Grounded for Life
Connor Matheus,Boston Public
Connor Matheus,Snow Day
Connor Matheus,Malcolm in the Middle
Connor Matheus,Providence
Connor Matheus,The Hughleys
Connor Matheus,Oh Baby
Connor Matheus,ER
Hayden McFarland,TiMER
Hayden McFarland,The Polar Express
Hayden McFarland,Torque
Hayden McFarland,Without a Trace
Chantel Valdivieso,The Santa Clause 3: The Escape Clause
Chantel Valdivieso,Zoey 101
Chantel Valdivieso,The Polar Express
Jimmy 'Jax' Pinchak,Ender's Game
Jimmy 'Jax' Pinchak,Let Me In
Jimmy 'Jax' Pinchak,Men of a Certain Age
Jimmy 'Jax' Pinchak,Meteor
Jimmy 'Jax' Pinchak,All I Want for Christmas
Jimmy 'Jax' Pinchak,Brothers and Sisters
Jimmy 'Jax' Pinchak,Over There
Jimmy 'Jax' Pinchak,The Polar Express
Jimmy 'Jax' Pinchak,NCIS
Jimmy 'Jax' Pinchak,Family Affair
Jimmy 'Jax' Pinchak,CSI: Crime Scene Investigation
Ashly Holloway,Crazylove
Ashly Holloway,The Polar Express
Ashly Holloway,Point of Origin
Ashly Holloway,Max Keeble's Big Move
Ashly Holloway,Curb Your Enthusiasm
Ashly Holloway,CSI: Crime Scene Investigation
Ashly Holloway,The King of Queens
Sagiv Ben-Binyamin,The Polar Express
Devin Henderson,The Polar Express
Bill Forchion,Lil' Balzac 2
Bill Forchion,The Bronx Is Burning
Bill Forchion,The Polar Express
Bill Forchion,Fastlane
Elisabeth P. Carpenter,"You, Me & the Circus"
Elisabeth P. Carpenter,Seven Moons
Elisabeth P. Carpenter,Tentacles
Elisabeth P. Carpenter,Wave Goodbye
Elisabeth P. Carpenter,The Polar Express
Elisabeth P. Carpenter,Everything Everywhere All at Once
Tinashe,Stars on Mars
Tinashe,House Party
Tinashe,Sampled
Tinashe,The 333 Tour Experience
Tinashe,Dear Earth
Tinashe,The Outsiders?
Tinashe,The Kelly Clarkson Show
Tinashe,Rent
Tinashe,Wonderland
Tinashe,iHeartRadio Summer Pool Party 2016
Tinashe,Hot Ones
Tinashe,Whose Line Is It Anyway?
Tinashe,The Eric Andre Show
Tinashe,Justin Bieber: Never Say Never
Tinashe,Holly Hobbie and Friends: Best Friends Forever
Tinashe,Holly Hobbie and Friends: Surprise Party
Tinashe,Holly Hobbie & Friends
Tinashe,Dancing with the Stars
Tinashe,The Polar Express
Tinashe,Two and a Half Men
Tinashe,Masked and Anonymous
Tinashe,Call Me Claus
Tinashe,Cora Unashamed
Tinashe,MTV Video Music Awards
Jena Carpenter,The Accursed
Jena Carpenter,The Polar Express
Karine Mauffrey,Stick It
Karine Mauffrey,The Polar Express
Karine Mauffrey,Five Nights at Freddy's
Karine Mauffrey,Think Like a Dog
Karine Mauffrey,The Last Airbender
Karine Mauffrey,Race to Witch Mountain
Karine Mauffrey,Stick It
Karine Mauffrey,Pizza My Heart
Karine Mauffrey,JAG
Bee Jay Joyer,The Polar Express
Kevin C. Carr,The Polar Express
Kevin C. Carr,CSI: Crime Scene Investigation
Aaron Hendry,The Super Mario Bros. Movie
Aaron Hendry,Teen Wolf: The Movie
Aaron Hendry,Minions: The Rise of Gru
Aaron Hendry,Sing 2
Aaron Hendry,F-Stops
Aaron Hendry,Here
Aaron Hendry,Deadcon
Aaron Hendry,Lost Fare
Aaron Hendry,Marvel's Inhumans
Aaron Hendry,Bedeviled
Aaron Hendry,"Mother, May I Sleep with Danger?"
Aaron Hendry,School of Rock
Aaron Hendry,The Mindy Project
Aaron Hendry,Teen Wolf
Aaron Hendry,Franklin & Bash
Aaron Hendry,Glee
Aaron Hendry,20 Years After
Aaron Hendry,Jericho
Aaron Hendry,Beerfest
Aaron Hendry,Dragon Dynasty
Aaron Hendry,The Unit
Aaron Hendry,Medium
Aaron Hendry,The SpongeBob SquarePants Movie
Aaron Hendry,The Polar Express
Aaron Hendry,Malcolm in the Middle
Aaron Hendry,Deadlock
Aaron Hendry,Prisoners of the Ghostland
Aidan O'Shea,The Polar Express
Eric Newton,The Polar Express
Eric Newton,The Resurrected
Isabella Peregrina,Fairyland
Isabella Peregrina,The Etruscan Smile
Isabella Peregrina,Ghost Whisperer
Isabella Peregrina,The Polar Express
Dante Pastula,The Polar Express
Dante Pastula,Friends
Ed Gale,Pandemonic
Ed Gale,Direct to Video: Straight to Video Horror of the 90s
Ed Gale,Mikeyboy
Ed Gale,Deadly Attraction
Ed Gale,The Amateur Monster Movie
Ed Gale,Santa Preys For X-Mas
Ed Gale,The Telling
Ed Gale,The Gold & the Beautiful
Ed Gale,Bones
Ed Gale,The Polar Express
Ed Gale,Tiptoes
Ed Gale,"Santa, Jr."
Ed Gale,Survival Island
Ed Gale,First Monday
Ed Gale,Call Me Claus
Ed Gale,Grounded for Life
Ed Gale,The Christmas Secret
Ed Gale,"O Brother, Where Art Thou?"
Ed Gale,The Adventures of Rocky & Bullwinkle
Ed Gale,Bride of Chucky
Ed Gale,The Munsters' Scary Little Christmas
Ed Gale,"Sabrina, the Teenage Witch"
Ed Gale,Alaska
Ed Gale,3rd Rock from the Sun
Ed Gale,Leprechaun 3
Ed Gale,Tad
Ed Gale,Attack of the 5 Ft. 2 Women
Ed Gale,Weird Science
Ed Gale,Lifepod
Ed Gale,Stranger Than Love
Ed Gale,Land of the Lost
Ed Gale,Dolly Dearest
Ed Gale,Bill & Ted's Bogus Journey
Ed Gale,The Dreamer of Oz
Ed Gale,Baywatch
Ed Gale,Chopper Chicks in Zombietown
Ed Gale,Phantasm II
Ed Gale,Spaceballs
Ed Gale,Howard the Duck
Ed Gale,Child's Play 2
Mark Povinelli,Breathe
Mark Povinelli,My Next Breath
Mark Povinelli,Nightmare Alley
Mark Povinelli,The Hot Flashes
Mark Povinelli,Deadtime Stories
Mark Povinelli,Georgia
Mark Povinelli,Mirror Mirror
Mark Povinelli,"Are You There, Chelsea?"
Mark Povinelli,Water for Elephants
Mark Povinelli,Jackass 3D
Mark Povinelli,A Very Sunny Christmas
Mark Povinelli,Modern Family
Mark Povinelli,Beer for My Horses
Mark Povinelli,Stone & Ed
Mark Povinelli,Epic Movie
Mark Povinelli,Pucked
Mark Povinelli,It's Always Sunny in Philadelphia
Mark Povinelli,The Suite Life of Zack & Cody
Mark Povinelli,The Polar Express
Mark Povinelli,Tod Browning's 'Freaks': The Sideshow Cinema
Mark Povinelli,Tiptoes
Mark Povinelli,Bob Patterson
Mark Povinelli,Charmed
Mark Povinelli,The Naked Man
Mark Povinelli,Frasier
Debbie Lee Carrington,Bunker of Blood: Chapter 5: Psycho Sideshow: Demon Freaks
Debbie Lee Carrington,Special Unit
Debbie Lee Carrington,Jessie
Debbie Lee Carrington,Pair of Kings
Debbie Lee Carrington,Bitch Slap
Debbie Lee Carrington,Bedtime Stories
Debbie Lee Carrington,Dexter
Debbie Lee Carrington,Men in Trees
Debbie Lee Carrington,Bones
Debbie Lee Carrington,The Polar Express
Debbie Lee Carrington,Boston Legal
Debbie Lee Carrington,Scary Movie 3
Debbie Lee Carrington,Tiptoes
Debbie Lee Carrington,The Lone Gunmen
Debbie Lee Carrington,The Christmas Secret
Debbie Lee Carrington,The Independent
Debbie Lee Carrington,She's All That
Debbie Lee Carrington,Mighty Joe Young
Debbie Lee Carrington,Men in Black
Debbie Lee Carrington,Perversions of Science
Debbie Lee Carrington,Buffy the Vampire Slayer
Debbie Lee Carrington,The High Crusade
Debbie Lee Carrington,Batman Returns
Debbie Lee Carrington,Seedpeople
Debbie Lee Carrington,Bad Girls
Debbie Lee Carrington,Club Fed
Debbie Lee Carrington,Total Recall
Debbie Lee Carrington,Spaced Invaders
Debbie Lee Carrington,Nerds of a Feather
Debbie Lee Carrington,Seinfeld
Debbie Lee Carrington,Baywatch
Debbie Lee Carrington,Monsters
Debbie Lee Carrington,The Garbage Pail Kids Movie
Debbie Lee Carrington,Harry and the Hendersons
Debbie Lee Carrington,Married... with Children
Debbie Lee Carrington,The Making of Captain EO
Debbie Lee Carrington,Captain EO
Debbie Lee Carrington,Howard the Duck
Debbie Lee Carrington,Invaders from Mars
Debbie Lee Carrington,Ewoks: The Battle for Endor
Debbie Lee Carrington,Amazing Stories
Debbie Lee Carrington,The Ewok Adventure
Debbie Lee Carrington,Return of the Jedi
Debbie Lee Carrington,Curse of Chucky
Debbie Lee Carrington,The Good Son
Debbie Lee Carrington,Batman Returns
Debbie Lee Carrington,Ewoks: The Battle for Endor
Phil Fondacaro,DevilDolls
Phil Fondacaro,Immortally Yours
Phil Fondacaro,Evil Bong
Phil Fondacaro,Once Upon a Halloween
Phil Fondacaro,Decadent Evil
Phil Fondacaro,Land of the Dead
Phil Fondacaro,The Polar Express
Phil Fondacaro,10-8: Officers on Duty
Phil Fondacaro,The Theory of the Leisure Class
Phil Fondacaro,CSI: Crime Scene Investigation
Phil Fondacaro,Bit Players
Phil Fondacaro,Sideshow
Phil Fondacaro,Blood Dolls
Phil Fondacaro,Addams Family Reunion
Phil Fondacaro,Hercules
Phil Fondacaro,The Elevator
Phil Fondacaro,Sweet Jane
Phil Fondacaro,The Creeps
Phil Fondacaro,"Sabrina, the Teenage Witch"
Phil Fondacaro,The Pretender
Phil Fondacaro,Bordello of Blood
Phil Fondacaro,Hellraiser: Bloodline
Phil Fondacaro,Nature of the Beast
Phil Fondacaro,Sliders
Phil Fondacaro,Touched by an Angel
Phil Fondacaro,"Double, Double, Toil and Trouble"
Phil Fondacaro,Dollman vs. Demonic Toys
Phil Fondacaro,Renegade
Phil Fondacaro,Brotherhood of the Gun
Phil Fondacaro,The Doors
Phil Fondacaro,Meridian
Phil Fondacaro,Night Angel
Phil Fondacaro,Nerds of a Feather
Phil Fondacaro,Monster High
Phil Fondacaro,Tales from the Crypt
Phil Fondacaro,Quantum Leap
Phil Fondacaro,I'm Gonna Git You Sucka
Phil Fondacaro,Memories of Me
Phil Fondacaro,Phantasm II
Phil Fondacaro,Willow
Phil Fondacaro,The Yattering And Jack
Phil Fondacaro,thirtysomething
Phil Fondacaro,The Garbage Pail Kids Movie
Phil Fondacaro,Ghoulies II
Phil Fondacaro,Steele Justice
Phil Fondacaro,Married... with Children
Phil Fondacaro,Fuzzbucket
Phil Fondacaro,Troll
Phil Fondacaro,American Drive-In
Phil Fondacaro,Hard Rock Zombies
Phil Fondacaro,The Black Cauldron
Phil Fondacaro,Tales from the Darkside
Phil Fondacaro,Snow White and the Seven Dwarfs
Phil Fondacaro,Return of the Jedi
Phil Fondacaro,Something Wicked This Way Comes
Phil Fondacaro,Rapunzel
Phil Fondacaro,Faerie Tale Theatre
Steven Tyler,"Aerosmith: Rockin' the Joint - Live at the Hard Rock Hotel, Las Vegas"
Steven Tyler,2022 Rock & Roll Hall of Fame Induction Ceremony
Steven Tyler,Look Away
Steven Tyler,The Dancing Man of L.A.
Steven Tyler,What Drives Us
Steven Tyler,Mick Fleetwood and Friends: Celebrate the Music of Peter Green and the Early Years of Fleetwood Mac
Steven Tyler,Steven Tyler: Out on a Limb
Steven Tyler,Rumble: The Indians Who Rocked the World
Steven Tyler,Aerosmith: Rock in Rio 2017
Steven Tyler,OBJECTified
Steven Tyler,Clive Davis: The Soundtrack of Our Lives
Steven Tyler,"Monochrome: Black, White & Blue"
Steven Tyler,Happy Birthday
Steven Tyler,Taylor Swift: The 1989 World Tour - Live
Steven Tyler,Rammstein in Amerika
Steven Tyler,Aerosmith - Rocks Donington 2014
Steven Tyler,Steven Tyler ‎– Front And Center
Steven Tyler,Jennifer Lopez: Dance Again
Steven Tyler,Aerosmith Live In Detroit Proshot
Steven Tyler,The Tonight Show Starring Jimmy Fallon
Steven Tyler,Aerosmith: Monsters Of Rock 2013
Steven Tyler,Supermensch: The Legend of Shep Gordon
Steven Tyler,Aerosmith - Rock for the Rising Sun
Steven Tyler,Epic
Steven Tyler,Ke$ha: My Crazy Beautiful Life
Steven Tyler,Aerosmith: Live at 1325 Commonwealth Ave.
Steven Tyler,Nashville
Steven Tyler,FOX 25th Anniversary Special
Steven Tyler,Aerosmith: The Best Of DVD 1
Steven Tyler,Billy Joel: Live at Shea Stadium
Steven Tyler,American Pickers
Steven Tyler,Chris Botti in Boston
Steven Tyler,National Geographic: Incredible Human Machine
Steven Tyler,Aerosmith: Live at Javits Center
Steven Tyler,Sports Illustrated: Swimsuit 2007 TV Special
Steven Tyler,Aerosmith in Performance
Steven Tyler,The Henry Rollins Show
Steven Tyler,The Wonder Pets
Steven Tyler,Hell's Kitchen
Steven Tyler,Be Cool
Steven Tyler,Aerosmith - You Gotta Move
Steven Tyler,The Polar Express
Steven Tyler,"Goodnight, Joseph Parker"
Steven Tyler,Two and a Half Men
Steven Tyler,Celebrities Uncensored
Steven Tyler,Jimmy Kimmel Live!
Steven Tyler,Aerosmith - Camden
Steven Tyler,American Idol
Steven Tyler,CMT Crossroads
Steven Tyler,The Target Shoots First
Steven Tyler,Aerosmith - Millennium Concert in Osaka
Steven Tyler,Clubland
Steven Tyler,Behind the Music
Steven Tyler,Taff
Steven Tyler,The History of Rock 'n' Roll
Steven Tyler,Aerosmith:  Big Ones You Can Look At
Steven Tyler,Aerosmith - Woodstock Festival
Steven Tyler,Aerosmith - Jingle Ball
Steven Tyler,Wayne's World 2
Steven Tyler,Guns N' Roses - Live in Paris
Steven Tyler,MTV's 10th Anniversary Special
Steven Tyler,Aerosmith - The Making of Pump
Steven Tyler,Aerosmith: MTV Unplugged
Steven Tyler,Sparks: The Price of Passion
Steven Tyler,Hard 'N Heavy Volume 8
Steven Tyler,The Simpsons
Steven Tyler,Decade
Steven Tyler,Aerosmith - Live Texxas Jam'78
Steven Tyler,The Decline of Western Civilization Part II: The Metal Years
Steven Tyler,Miami Vice
Steven Tyler,MTV Video Music Awards
Steven Tyler,Al TV
Steven Tyler,Sgt. Pepper's Lonely Hearts Club Band
Steven Tyler,60 Minutes
Steven Tyler,The SpongeBob Musical: Live on Stage!
Steven Tyler,The SpongeBob Musical: Live on Stage!
Steven Tyler,Aerosmith: Monsters Of Rock 2013
Charles Fleischer,Chip 'n Dale: Rescue Rangers
Charles Fleischer,Reality Queen!
Charles Fleischer,Hanukkah
Charles Fleischer,Dimension 404
Charles Fleischer,Lord of the Freaks
Charles Fleischer,Mozart in the Jungle
Charles Fleischer,Dystopia
Charles Fleischer,Persistence of Vision
Charles Fleischer,Rango
Charles Fleischer,Never Sleep Again: The Elm Street Legacy
Charles Fleischer,Waking Sleeping Beauty
Charles Fleischer,Funny People
Charles Fleischer,Women's Murder Club
Charles Fleischer,Zodiac
Charles Fleischer,Freddie
Charles Fleischer,The Polar Express
Charles Fleischer,Balto III: Wings of Change
Charles Fleischer,Pauly Shore Is Dead
Charles Fleischer,The 4th Tenor
Charles Fleischer,The Backlot Murders
Charles Fleischer,Balto II: Wolf Quest
Charles Fleischer,"God, the Devil and Bob"
Charles Fleischer,Bel Air
Charles Fleischer,Big Monster on Campus
Charles Fleischer,Genius
Charles Fleischer,Palmer's Pick Up
Charles Fleischer,Rusty: A Dog's Tale
Charles Fleischer,Permanent Midnight
Charles Fleischer,Ground Control
Charles Fleischer,The Weird Al Show
Charles Fleischer,Bone Chillers: Art Intimidates Life
Charles Fleischer,Gridlock'd
Charles Fleischer,Bone Chillers
Charles Fleischer,The Best of Roger Rabbit
Charles Fleischer,Baywatch Nights
Charles Fleischer,Tales from the Crypt: Demon Knight
Charles Fleischer,Weird Science
Charles Fleischer,My Girl 2
Charles Fleischer,We're Back! A Dinosaur's Story
Charles Fleischer,Partners
Charles Fleischer,Lois & Clark: The New Adventures of Superman
Charles Fleischer,Trail Mix-Up
Charles Fleischer,Carry On Columbus
Charles Fleischer,Straight Talk
Charles Fleischer,"Beverly Hills, 90210"
Charles Fleischer,Tiny Toon Adventures
Charles Fleischer,Disneyland's 35th Anniversary Special
Charles Fleischer,Roller Coaster Rabbit
Charles Fleischer,Dick Tracy
Charles Fleischer,Back to the Future Part II
Charles Fleischer,Tummy Trouble
Charles Fleischer,Tales from the Crypt
Charles Fleischer,One Night Stand
Charles Fleischer,Mickey's 60th Birthday
Charles Fleischer,Roger Rabbit and the Secrets of Toon Town
Charles Fleischer,Who Framed Roger Rabbit
Charles Fleischer,Bad Dreams
Charles Fleischer,Ponce de Leon
Charles Fleischer,Deadly Friend
Charles Fleischer,The Great Mouse Detective
Charles Fleischer,Fast Times
Charles Fleischer,Tall Tales & Legends
Charles Fleischer,A Nightmare on Elm Street
Charles Fleischer,Punky Brewster
Charles Fleischer,Night Court
Charles Fleischer,The House of God
Charles Fleischer,Knight Rider
Charles Fleischer,Night Shift
Charles Fleischer,Wogan
Charles Fleischer,Simon & Simon
Charles Fleischer,The Hand
Charles Fleischer,Aloha Paradise
Charles Fleischer,Hill Street Blues
Charles Fleischer,Die Laughing
Charles Fleischer,Hart to Hart
Charles Fleischer,Crisis in Sun Valley
Charles Fleischer,The Richard Pryor Show
Charles Fleischer,Sugar Time!
Charles Fleischer,The Death of Richie
Charles Fleischer,Laverne & Shirley
Charles Fleischer,Barney Miller
Charles Fleischer,Hawkins
Charles Fleischer,The Prince and the Pauper
Julene Renee,Mars Needs Moms
Julene Renee,Avatar
Julene Renee,A Christmas Carol
Julene Renee,Beowulf
Julene Renee,The Polar Express
Julene Renee,Rock Me Baby
Julene Renee,Secretary
Julene Renee,Two Guys and a Girl
Julene Renee,Titanic
Julene Renee,Dance Macabre
Julene Renee,Roundhouse
Chris Coppola,Going Postal: The Legacy Foretold
Chris Coppola,The Afterparty
Chris Coppola,Take Me to Tarzana
Chris Coppola,Disrupted
Chris Coppola,Too Old to Die Young
Chris Coppola,Acts of Desperation
Chris Coppola,Puppy Star Christmas
Chris Coppola,Stuck
Chris Coppola,Pup Star: Better 2Gether
Chris Coppola,Diary of a Wimpy Kid: The Long Haul
Chris Coppola,Pup Star
Chris Coppola,The Last Bid
Chris Coppola,Monkey Up
Chris Coppola,Marvel's Agent Carter
Chris Coppola,Super Buddies
Chris Coppola,Ray Donovan
Chris Coppola,Santa Paws 2: The Santa Pups
Chris Coppola,The Blue Dildo
Chris Coppola,I Kissed a Vampire
Chris Coppola,The Search for Santa Paws
Chris Coppola,Shadow
Chris Coppola,Santa Buddies
Chris Coppola,The Middle
Chris Coppola,Friday the 13th
Chris Coppola,Far Cry
Chris Coppola,Visioneers
Chris Coppola,Beowulf
Chris Coppola,Postal
Chris Coppola,BloodRayne 2: Deliverance
Chris Coppola,Undead or Alive: A Zombedy
Chris Coppola,Cory in the House
Chris Coppola,Alexander the Great
Chris Coppola,Bones
Chris Coppola,The Polar Express
Chris Coppola,Forbidden Warrior
Chris Coppola,Dog Gone Love
Chris Coppola,Two and a Half Men
Chris Coppola,Ghost Dog: A Detective Tail
Chris Coppola,The Tuxedo
Chris Coppola,S1m0ne
Chris Coppola,Spider-Man
Chris Coppola,CSI: Crime Scene Investigation
Chris Coppola,ER
Gordon Hart,Weeds
Gordon Hart,The Polar Express
Gordon Hart,Little Dickie
Gordon Hart,The Man Who Wasn't There
Gordon Hart,The Last of Us
Sean Scott,The Polar Express
Gregory Gast,The Rookie: Feds
Gregory Gast,The Lincoln Lawyer
Gregory Gast,Operation Varsity Blues: The College Admissions Scandal
Gregory Gast,The Killing Room
Gregory Gast,The Eden Formula
Gregory Gast,The Polar Express
Jon Scott,Dark Fields
Jon Scott,The Polar Express
Mark Goodman,The Polar Express
Mark Goodman,Desperate Housewives
Mark Goodman,Asia: In Asia
Mark Goodman,Daryl Hall & John Oates: Go Solo
André Sogliuzzo,My Adventures with Superman
André Sogliuzzo,Bugatti Super Car
André Sogliuzzo,The Mighty Ones
André Sogliuzzo,The Owl House
André Sogliuzzo,Lego DC Batman: Family Matters
André Sogliuzzo,Missing Link
André Sogliuzzo,"Love, Death & Robots"
André Sogliuzzo,LEGO Star Wars: All-Stars
André Sogliuzzo,Elena and the Secret of Avalor
André Sogliuzzo,Being George Clooney
André Sogliuzzo,Pawn Sacrifice
André Sogliuzzo,Justice League: Gods and Monsters
André Sogliuzzo,Harvey Beaks
André Sogliuzzo,Transformers: Robots In Disguise
André Sogliuzzo,The Adventures of Puss in Boots
André Sogliuzzo,Yellowbird
André Sogliuzzo,Star Wars Rebels
André Sogliuzzo,Phineas and Ferb: Star Wars
André Sogliuzzo,Last Week Tonight with John Oliver
André Sogliuzzo,Achmed Saves America
André Sogliuzzo,Cosmos
André Sogliuzzo,The Voyages of Young Doctor Dolittle
André Sogliuzzo,Thriller Night
André Sogliuzzo,Gettysburg
André Sogliuzzo,G.I. Joe: Renegades
André Sogliuzzo,Open Season 3
André Sogliuzzo,Cats & Dogs: The Revenge of Kitty Galore
André Sogliuzzo,Transformers: Revenge of the Fallen
André Sogliuzzo,Wolverine and the X-Men
André Sogliuzzo,Random! Cartoons
André Sogliuzzo,Gnomes and Trolls: The Secret Chamber
André Sogliuzzo,Open Season
André Sogliuzzo,Stewie Griffin: The Untold Story
André Sogliuzzo,Junkyard Teddies
André Sogliuzzo,Avatar: The Last Airbender
André Sogliuzzo,American Dad!
André Sogliuzzo,The Polar Express
André Sogliuzzo,The Batman
André Sogliuzzo,Father of the Pride
André Sogliuzzo,Star Wars: Clone Wars
André Sogliuzzo,Stuart Little: The Animated Series
André Sogliuzzo,Justice League
André Sogliuzzo,Samurai Jack
André Sogliuzzo,"Harvey Birdman, Attorney at Law"
André Sogliuzzo,Jackie Chan Adventures
André Sogliuzzo,Family Guy
André Sogliuzzo,You've Got Mail
Mark Mendonca,The Polar Express
Josh Eli,The Polar Express
Andy Pellick,The Polar Express
Brendan King,Old Dogs
Brendan King,The Polar Express
Jimmy Bennett,Pachinko
Jimmy Bennett,Downfalls High
Jimmy Bennett,Heartthrob
Jimmy Bennett,A Girl Like Her
Jimmy Bennett,Bad Asses on the Bayou
Jimmy Bennett,Bosch
Jimmy Bennett,Camouflage
Jimmy Bennett,Garfunkel and Oates
Jimmy Bennett,Murder in the First
Jimmy Bennett,From Dusk Till Dawn: The Series
Jimmy Bennett,Movie 43
Jimmy Bennett,Perception
Jimmy Bennett,No Ordinary Family
Jimmy Bennett,Bones
Jimmy Bennett,Alabama Moon
Jimmy Bennett,Stolen
Jimmy Bennett,Shorts
Jimmy Bennett,Orphan
Jimmy Bennett,Star Trek
Jimmy Bennett,Diminished Capacity
Jimmy Bennett,Trucker
Jimmy Bennett,Snow Buddies
Jimmy Bennett,Evan Almighty
Jimmy Bennett,"He's a Bully, Charlie Brown"
Jimmy Bennett,Shark Bait
Jimmy Bennett,Poseidon
Jimmy Bennett,Firewall
Jimmy Bennett,Pooh's Heffalump Halloween Movie
Jimmy Bennett,The Amityville Horror
Jimmy Bennett,Hostage
Jimmy Bennett,The Polar Express
Jimmy Bennett,The Heart Is Deceitful Above All Things
Jimmy Bennett,The Tony Danza Show
Jimmy Bennett,Winnie the Pooh: Springtime with Roo
Jimmy Bennett,"I Want a Dog for Christmas, Charlie Brown"
Jimmy Bennett,Daddy Day Care
Jimmy Bennett,Jimmy Kimmel Live!
Jimmy Bennett,Everwood
Jimmy Bennett,The Guardian
Jimmy Bennett,CSI: Crime Scene Investigation
Jimmy Bennett,Gilmore Girls
Jimmy Bennett,Judging Amy
Daryl Sabara,Ben 10: Alien X-Tinction
Daryl Sabara,Ben Gen 10
Daryl Sabara,Ben 10 Versus the Universe: The Movie
Daryl Sabara,Bongee Bear and the Kingdom of Rhythm
Daryl Sabara,Medal of Honor
Daryl Sabara,Ben 10
Daryl Sabara,Resident Advisors
Daryl Sabara,Teen Lust
Daryl Sabara,The Green Inferno
Daryl Sabara,After the Dark
Daryl Sabara,Gravity Falls
Daryl Sabara,John Carter
Daryl Sabara,Ben 10/Generator Rex: Heroes United
Daryl Sabara,Grimm
Daryl Sabara,Spy Kids: All the Time in the World
Daryl Sabara,Worst. Prom. Ever.
Daryl Sabara,Blacktino
Daryl Sabara,Machete
Daryl Sabara,Scooby-Doo! Mystery Incorporated
Daryl Sabara,Generator Rex
Daryl Sabara,A Christmas Carol
Daryl Sabara,World's Greatest Dad
Daryl Sabara,April Showers
Daryl Sabara,Easy to Assemble
Daryl Sabara,Miss Guided
Daryl Sabara,Wizards of Waverly Place
Daryl Sabara,Halloween
Daryl Sabara,Normal Adolescent Behavior
Daryl Sabara,Her Best Move
Daryl Sabara,What's New Scooby-Doo? Vol. 4: Merry Scary Holiday
Daryl Sabara,Choose Your Own Adventure - The Abominable Snowman
Daryl Sabara,Keeping Up with the Steins
Daryl Sabara,What About Brian
Daryl Sabara,The Boondocks
Daryl Sabara,Criminal Minds
Daryl Sabara,Weeds
Daryl Sabara,The Closer
Daryl Sabara,American Dragon: Jake Long
Daryl Sabara,House
Daryl Sabara,The Polar Express
Daryl Sabara,Dr. Vegas
Daryl Sabara,The Batman
Daryl Sabara,Father of the Pride
Daryl Sabara,Century City
Daryl Sabara,Murder Without Conviction
Daryl Sabara,Australian Idol
Daryl Sabara,Spy Kids 3-D: Game Over
Daryl Sabara,The New Tom Green Show
Daryl Sabara,Finding Nemo
Daryl Sabara,Trading Spaces: Boys vs. Girls
Daryl Sabara,A Scooby-Doo! Christmas
Daryl Sabara,John Doe
Daryl Sabara,"What's New, Scooby-Doo?"
Daryl Sabara,Spy Kids 2: The Island of Lost Dreams
Daryl Sabara,One on One
Daryl Sabara,Spy Kids
Daryl Sabara,The Early Show
Daryl Sabara,Love & Money
Daryl Sabara,Roswell
Daryl Sabara,Will & Grace
Daryl Sabara,The Wonderful World of Disney
Daryl Sabara,The View
Daryl Sabara,Life's Work
Daryl Sabara,Friends
Josh Hutcherson,Littlemouth
Josh Hutcherson,Rita
Josh Hutcherson,The Last Ticket
Josh Hutcherson,The Beekeeper
Josh Hutcherson,Five Nights at Freddy's
Josh Hutcherson,Across the River and Into the Trees
Josh Hutcherson,57 Seconds
Josh Hutcherson,The Long Home
Josh Hutcherson,Burn
Josh Hutcherson,Elliot: The Littlest Reindeer
Josh Hutcherson,James Cameron's Story of Science Fiction
Josh Hutcherson,Future Man
Josh Hutcherson,Tragedy Girls
Josh Hutcherson,The Disaster Artist
Josh Hutcherson,Ape
Josh Hutcherson,In Dubious Battle
Josh Hutcherson,Paquita Salas
Josh Hutcherson,Pawns No More: The Making of The Hunger Games: Mockingjay Part 2
Josh Hutcherson,The Hunger Games: Mockingjay - Part 2
Josh Hutcherson,The Rusted
Josh Hutcherson,Straight From The Heart: A Tribute To Philip Seymour Hoffman
Josh Hutcherson,The Mockingjay Lives: The Making of the Hunger Games: Mockingjay Part 1
Josh Hutcherson,The Hunger Games: Mockingjay - Part 1
Josh Hutcherson,Escobar: Paradise Lost
Josh Hutcherson,Surviving the Game: Making The Hunger Games: Catching Fire
Josh Hutcherson,Late Night with Seth Meyers
Josh Hutcherson,The Tonight Show Starring Jimmy Fallon
Josh Hutcherson,The Hunger Games: Catching Fire
Josh Hutcherson,Sixth Man: Bluesanity
Josh Hutcherson,Epic
Josh Hutcherson,The Frame
Josh Hutcherson,The World Is Watching: Making the Hunger Games
Josh Hutcherson,The Forger
Josh Hutcherson,7 Days in Havana
Josh Hutcherson,Red Dawn
Josh Hutcherson,The Hunger Games
Josh Hutcherson,Journey 2: The Mysterious Island
Josh Hutcherson,Detention
Josh Hutcherson,Conan
Josh Hutcherson,The Kids Are All Right
Josh Hutcherson,The Third Rule
Josh Hutcherson,Cirque du Freak: The Vampire's Assistant
Josh Hutcherson,Winged Creatures
Josh Hutcherson,Journey to the Center of the Earth
Josh Hutcherson,Firehouse Dog
Josh Hutcherson,Bridge to Terabithia
Josh Hutcherson,RV Nation: The Culture of Road Warriors
Josh Hutcherson,Robin Williams: A Family Affair
Josh Hutcherson,JoJo: The Pop Princess
Josh Hutcherson,RV
Josh Hutcherson,Zathura: A Space Adventure
Josh Hutcherson,Little Manhattan
Josh Hutcherson,Kicking & Screaming
Josh Hutcherson,Motocross Kids
Josh Hutcherson,The Polar Express
Josh Hutcherson,Justice League Unlimited
Josh Hutcherson,Party Wagon
Josh Hutcherson,Wilder Days
Josh Hutcherson,American Splendor
Josh Hutcherson,Miracle Dogs
Josh Hutcherson,Punk'd
Josh Hutcherson,Jimmy Kimmel Live!
Josh Hutcherson,Ant & Dec's Saturday Night Takeaway
Josh Hutcherson,The Division
Josh Hutcherson,Teen Choice Awards
Josh Hutcherson,ER
Josh Hutcherson,Saturday Night Live
Josh Hutcherson,Future Man
Josh Hutcherson,Crowbar Smile
Josh Hutcherson,Ape
Josh Hutcherson,Boy in a Backpack
Josh Hutcherson,The Rusted
Josh Hutcherson,Escobar: Paradise Lost
Josh Hutcherson,The Forger
Josh Hutcherson,Detention
Josh Hutcherson,Ape
Michael Jeter,Sesame Street: 40 Years of Sunny Days
Michael Jeter,Sesame Street: Elmo's World: What Makes You Happy?
Michael Jeter,The Polar Express
Michael Jeter,Broadway's Lost Treasures II
Michael Jeter,"Sesame Street: Elmo's World: Families, Mail & Bath Time!"
Michael Jeter,Open Range
Michael Jeter,Sesame Street: Elmo's World: Happy Holidays!
Michael Jeter,Welcome to Collinwood
Michael Jeter,Jurassic Park III
Michael Jeter,Walking the Mile: The Making of The Green Mile
Michael Jeter,The Gift
Michael Jeter,"South of Heaven, West of Hell"
Michael Jeter,The Green Mile
Michael Jeter,Jakob the Liar
Michael Jeter,True Crime
Michael Jeter,Patch Adams
Michael Jeter,Zack and Reba
Michael Jeter,Thursday
Michael Jeter,The Wild Thornberrys
Michael Jeter,The Naked Man
Michael Jeter,Fear and Loathing in Las Vegas
Michael Jeter,The Ransom of Red Chief
Michael Jeter,MouseHunt
Michael Jeter,Air Bud
Michael Jeter,Mrs. Santa Claus
Michael Jeter,Second Noah
Michael Jeter,The Boys Next Door
Michael Jeter,Waterworld
Michael Jeter,Drop Zone
Michael Jeter,Chicago Hope
Michael Jeter,Duckman
Michael Jeter,Gypsy
Michael Jeter,Sister Act 2: Back in the Habit
Michael Jeter,Bank Robber
Michael Jeter,Tales of the City
Michael Jeter,When Love Kills: The Seduction of John Hearn
Michael Jeter,Sondheim: A Celebration at Carnegie Hall
Michael Jeter,The Fisher King
Michael Jeter,Evening Shade
Michael Jeter,Miller's Crossing
Michael Jeter,Tango & Cash
Michael Jeter,Just Like in the Movies
Michael Jeter,Dead Bang
Michael Jeter,Hothouse
Michael Jeter,The Money Pit
Michael Jeter,Night Court
Michael Jeter,Zelig
Michael Jeter,Soup for One
Michael Jeter,Alice at the Palace
Michael Jeter,Ragtime
Michael Jeter,The Mating Season
Michael Jeter,My Old Man
Michael Jeter,Hair
Michael Jeter,Hallmark Hall of Fame
Peter Scolari,Lisey's Story
Peter Scolari,Looks That Kill
Peter Scolari,Disclosure
Peter Scolari,Evil
Peter Scolari,The Social Ones
Peter Scolari,All You Can Eat
Peter Scolari,The Good Fight
Peter Scolari,Call Me Madame: Backstage at 'Wicked' with Sheryl Lee Ralph
Peter Scolari,Dean
Peter Scolari,How You Look at It
Peter Scolari,Madoff
Peter Scolari,Gotham
Peter Scolari,Jerome's Bouquet
Peter Scolari,The Greatest Event in Television History
Peter Scolari,Letting Go
Peter Scolari,Girls
Peter Scolari,White Collar
Peter Scolari,Celebrity Ghost Stories
Peter Scolari,Batman: The Brave and the Bold
Peter Scolari,A Plumm Summer
Peter Scolari,The Boy Who Cried Wolf
Peter Scolari,Suburban Girl
Peter Scolari,Mentor
Peter Scolari,Magnificent Desolation: Walking on the Moon
Peter Scolari,American Dad!
Peter Scolari,The Polar Express
Peter Scolari,Listen Up!
Peter Scolari,A Scooby-Doo! Christmas
Peter Scolari,What I Like About You
Peter Scolari,Pet Star
Peter Scolari,Sorority Boys
Peter Scolari,Reba
Peter Scolari,The Ultimate Christmas Present
Peter Scolari,The West Wing
Peter Scolari,Law & Order: Special Victims Unit
Peter Scolari,The King of Queens
Peter Scolari,From the Earth to the Moon
Peter Scolari,"Honey, I Shrunk the Kids: The TV Show"
Peter Scolari,George & Leo
Peter Scolari,Ally McBeal
Peter Scolari,For Hope
Peter Scolari,Talk to Me
Peter Scolari,Hey Arnold!
Peter Scolari,That Thing You Do!
Peter Scolari,"Sabrina, the Teenage Witch"
Peter Scolari,Harry Anderson: The Tricks of His Trade
Peter Scolari,"Stop the World, I Want to Get Off"
Peter Scolari,Dweebs
Peter Scolari,The Drew Carey Show
Peter Scolari,Gargoyles
Peter Scolari,Touched by an Angel
Peter Scolari,ER
Peter Scolari,Camp Nowhere
Peter Scolari,Duckman
Peter Scolari,The Nanny
Peter Scolari,Ticks
Peter Scolari,Family Album
Peter Scolari,Dave's World
Peter Scolari,The Mommies
Peter Scolari,Animaniacs
Peter Scolari,Lois & Clark: The New Adventures of Superman
Peter Scolari,I'll Be Waiting
Peter Scolari,Fallen Angels
Peter Scolari,Batman: The Animated Series
Peter Scolari,Diagnosis Murder: The House on Sycamore Street
Peter Scolari,Perry Mason: The Case of the Glass Coffin
Peter Scolari,Perfect Harmony
Peter Scolari,Fire! Trapped on the 37th Floor
Peter Scolari,Corporate Affairs
Peter Scolari,The Ryan White Story
Peter Scolari,Fatal Confession: A Father Dowling Mystery
Peter Scolari,Harry Anderson's Sideshow
Peter Scolari,Mr. Bill's Real Life Adventures
Peter Scolari,The Rosebud Beach Hotel
Peter Scolari,Finder of Lost Loves
Peter Scolari,Amazons
Peter Scolari,Imps*
Peter Scolari,Carpool
Peter Scolari,Baby Makes Five
Peter Scolari,Missing Children: A Mother's Story
Peter Scolari,Newhart
Peter Scolari,Remington Steele
Peter Scolari,Family Ties
Peter Scolari,Hotel
Peter Scolari,Bosom Buddies
Peter Scolari,The Further Adventures of Wally Brown
Peter Scolari,Goodtime Girls
Peter Scolari,Angie
Peter Scolari,Take Off
Peter Scolari,Happy Days
Peter Scolari,Newhart
Nona Gaye,Blood and Bone
Nona Gaye,The Gospel
Nona Gaye,Crash
Nona Gaye,xXx: State of the Union
Nona Gaye,The Polar Express
Nona Gaye,The Matrix Recalibrated
Nona Gaye,The Matrix Revolutions
Nona Gaye,The Matrix Reloaded
Nona Gaye,Ali
Nona Gaye,Prince: Love 4 One Another
Nona Gaye,Prince: The Beautiful Experience
Nona Gaye,Harlem Nights
Nona Gaye,Soul Train
Nona Gaye,Today
Eddie Deezen,Critters: All You Can Eat
Eddie Deezen,The Grease Story
Eddie Deezen,The SpongeBob Movie: Sponge Out of Water
Eddie Deezen,"I Love You, Eddie Deezen"
Eddie Deezen,"A Fairly Odd Movie: Grow Up, Timmy Turner!"
Eddie Deezen,Pound Puppies
Eddie Deezen,SpongeBob's Truth or Square
Eddie Deezen,"What's New, Scooby-Doo? Vol. 5: Sports Spooktacular"
Eddie Deezen,Kim Possible: So the Drama
Eddie Deezen,Wonder Showzen
Eddie Deezen,The Polar Express
Eddie Deezen,Codename: Kids Next Door
Eddie Deezen,"What's New, Scooby-Doo?"
Eddie Deezen,Kim Possible
Eddie Deezen,The 1st 13th Annual Fancy Anvil Awards Show Program Special: Live in Stereo
Eddie Deezen,Oswald
Eddie Deezen,Lloyd in Space
Eddie Deezen,Pigs Next Door
Eddie Deezen,Dexter's Laboratory: Ego Trip
Eddie Deezen,SpongeBob SquarePants
Eddie Deezen,Kenny and the Chimp: Diseasy Does It! or Chimp 'n' Pox
Eddie Deezen,The Brave Little Toaster to the Rescue
Eddie Deezen,Cow and Chicken
Eddie Deezen,The Weird Al Show
Eddie Deezen,The Making of '1941'
Eddie Deezen,Spy Hard
Eddie Deezen,Dexter's Laboratory
Eddie Deezen,Life with Louie
Eddie Deezen,Scooby-Doo! in Arabian Nights
Eddie Deezen,The Silence of the Hams
Eddie Deezen,Duckman
Eddie Deezen,Teenage Exorcist
Eddie Deezen,Mother Goose and Grimm
Eddie Deezen,Darkwing Duck
Eddie Deezen,Rock-A-Doodle
Eddie Deezen,Hollywood Boulevard II
Eddie Deezen,Dorf Goes Auto Racing
Eddie Deezen,Mob Boss
Eddie Deezen,Wedding Band
Eddie Deezen,The Raven Red Kiss-Off
Eddie Deezen,Beverly Hills Vamp
Eddie Deezen,Dorf's Golf Bible
Eddie Deezen,Assault of the Killer Bimbos
Eddie Deezen,Critters 2
Eddie Deezen,Million Dollar Mystery
Eddie Deezen,Happy Hour
Eddie Deezen,The Whoopee Boys
Eddie Deezen,The Longshot
Eddie Deezen,Sesame Street Presents: Follow That Bird
Eddie Deezen,The Rosebud Beach Hotel
Eddie Deezen,Punky Brewster
Eddie Deezen,Delta Pi
Eddie Deezen,Surf II: The End of the Trilogy
Eddie Deezen,E. Nick: A Legend in His Own Mind
Eddie Deezen,A Polish Vampire in Burbank
Eddie Deezen,WarGames
Eddie Deezen,Zapped!
Eddie Deezen,Grease 2
Eddie Deezen,"Magnum, P.I."
Eddie Deezen,Midnight Madness
Eddie Deezen,Desperate Moves
Eddie Deezen,1941
Eddie Deezen,The Facts of Life
Eddie Deezen,Champions: A Love Story
Eddie Deezen,Grease
Eddie Deezen,I Wanna Hold Your Hand
Eddie Deezen,Laserblast
Leslie Zemeckis,Here
Leslie Zemeckis,Hollywood Heist
Leslie Zemeckis,From Zero to I Love You
Leslie Zemeckis,Welcome to Marwen
Leslie Zemeckis,A Christmas Carol
Leslie Zemeckis,Beowulf
Leslie Zemeckis,The Polar Express
Leslie Zemeckis,Sacrifice
Leslie Zemeckis,Spiders
Leslie Zemeckis,Blowback
Leslie Zemeckis,Dark Nova
Leslie Zemeckis,Life of a Gigolo
Leslie Zemeckis,I Married a Monster
Leslie Zemeckis,Restless Souls
Leslie Zemeckis,The Sexperiment
Leslie Zemeckis,Sex Files: Pleasure World
Leslie Zemeckis,The Sex Files: Double Identity
Leslie Zemeckis,Women: Stories of Passion
Leslie Zemeckis,Damien's Seed
Leslie Zemeckis,Encounters
Leslie Zemeckis,Beverly Hills Bordello
Leslie Zemeckis,Jailbait
Leslie Zemeckis,"Mabel, Mabel Tiger Trainer"
Leslie Zemeckis,Bound by Flesh
Leslie Zemeckis,Behind the Burly Q
Leslie Zemeckis,"Mabel, Mabel Tiger Trainer"
Leslie Zemeckis,Bound by Flesh
Leslie Zemeckis,Behind the Burly Q
Leslie Zemeckis,Bound by Flesh
Rolondas Hendricks,The Polar Express
Rolondas Hendricks,The Fresh Prince of Bel-Air
